ProductKey,ProductName,CategoryKey,SubCategoryKey,Color,UnitPrice
101,"Mountain-100 Black, 38",1,1,Black,2294.99
102,"Mountain-200 Silver, 42",1,1,Silver,2319.99
103,"Road-150 Red, 44",1,2,Red,3578.27
104,"Road-250 Black, 48",1,2,Black,2443.35
105,"Touring-100 Blue, 46",1,3,Blue,2384.07
106,"Touring-200 Yellow, 50",1,3,Yellow,2807.0
201,"Sport-100 Helmet, Red",2,11,Red,34.99
202,"Sport-100 Helmet, Black",2,11,Black,34.99
203,Water Bottle - 30 oz,2,12,Blue,4.99
204,Mountain Tire,2,5,Black,35.0
205,Road Tire,2,5,Black,32.0
206,Chain,2,5,Silver,20.24
301,"Long-Sleeve Logo Jersey, M",3,8,Blue,49.99
302,"Short-Sleeve Classic Jersey, L",3,8,Red,53.99
303,"Racing Shorts, M",3,9,Black,69.99
304,"Half-Finger Gloves, M",3,10,Black,24.99
401,Cable Lock,4,13,Black,25.0
402,All-Purpose Bike Stand,4,13,Black,59.99
