ReturnKey,SalesKey,DateKey,CustomerKey,ProductKey,QuantityReturned,ReturnAmount,ReturnReason
1,200110,20160629,10,104,1,2443.35,Quality Issue
2,100074,20150115,5,104,3,7330.05,Quality Issue
3,300222,20170507,8,301,3,149.97,Wrong Product
4,100087,20150113,4,102,2,4639.98,Customer Changed Mind
5,300170,20170209,5,206,1,20.24,Wrong Product
6,100078,20151218,6,201,1,34.99,Damaged
7,200178,20160509,6,101,3,6884.97,Customer Changed Mind
8,300119,20170626,9,301,2,99.98,Wrong Product
9,300043,20170314,1,104,4,9773.4,Customer Changed Mind
10,300084,20170526,9,303,1,69.99,Wrong Product
11,100007,20150622,2,104,1,2443.35,Quality Issue
12,100118,20150401,5,401,1,25.0,Wrong Product
13,300111,20170321,4,203,1,4.99,Damaged
14,100076,20150812,2,401,5,125.0,Damaged
15,200153,20160607,4,106,3,8421.0,Customer Changed Mind
16,200076,20160622,8,104,1,2443.35,Quality Issue
17,300195,20170406,7,302,5,269.95,Quality Issue
18,100102,20150520,8,302,3,161.97,Wrong Product
19,300227,20170518,5,205,4,128.0,Damaged
20,100056,20150516,6,105,1,2384.07,Damaged
21,300074,20170528,6,103,1,3578.27,Customer Changed Mind
22,200066,20161027,7,204,2,70.0,Damaged
23,200179,20161202,10,104,1,2443.35,Quality Issue
24,200048,20160102,5,204,5,175.0,Customer Changed Mind
25,300180,20171204,7,105,1,2384.07,Quality Issue
26,100003,20150117,2,101,2,4589.98,Damaged
27,200061,20160808,4,105,2,4768.14,Customer Changed Mind
28,300058,20170325,10,301,1,49.99,Customer Changed Mind
29,100011,20150210,2,202,1,34.99,Wrong Product
30,300012,20170706,3,401,1,25.0,Customer Changed Mind
31,300072,20171014,5,203,4,19.96,Damaged
32,200057,20160611,9,304,3,74.97,Quality Issue
33,200126,20161226,9,202,3,104.97,Wrong Product
34,300165,20171011,10,103,1,3578.27,Wrong Product
35,300050,20170707,6,301,1,49.99,Quality Issue
