SalesKey,DateKey,CustomerKey,ProductKey,TerritoryKey,Quantity,UnitPrice,DiscountPct,SalesAmount
100001,20151124,1,104,5,2,2443.35,0.0,4886.7
100002,20150313,9,104,2,5,2443.35,0.05,11605.91
100003,20150117,2,101,4,2,2294.99,0.1,4130.98
100004,20151105,9,101,4,5,2294.99,0.05,10901.2
100005,20150423,10,303,5,1,69.99,0.0,69.99
100006,20151224,6,302,5,2,53.99,0.0,107.98
100007,20150622,2,104,7,1,2443.35,0.0,2443.35
100008,20150626,1,203,8,5,4.99,0.0,24.95
100009,20150713,9,103,5,5,3578.27,0.0,17891.35
100010,20151023,2,201,1,2,34.99,0.0,69.98
100011,20150210,2,202,7,3,34.99,0.05,99.72
100012,20151122,3,206,6,3,20.24,0.0,60.72
100013,20151210,2,203,10,2,4.99,0.1,8.98
100014,20150506,8,106,7,3,2807.0,0.1,7578.9
100015,20150423,1,205,4,1,32.0,0.0,32.0
100016,20150725,2,203,4,5,4.99,0.0,24.95
100017,20150419,7,304,8,2,24.99,0.0,49.98
100018,20150313,9,202,9,3,34.99,0.1,94.47
100019,20150808,6,301,4,2,49.99,0.1,89.98
100020,20150910,1,103,2,2,3578.27,0.0,7156.54
100021,20151215,10,302,2,4,53.99,0.05,205.16
100022,20151102,9,303,5,5,69.99,0.0,349.95
100023,20151215,9,104,5,3,2443.35,0.0,7330.05
100024,20150531,3,302,8,1,53.99,0.0,53.99
100025,20150914,9,106,2,3,2807.0,0.1,7578.9
100026,20151108,3,201,6,2,34.99,0.1,62.98
100027,20150929,10,101,6,4,2294.99,0.0,9179.96
100028,20150227,5,206,4,1,20.24,0.0,20.24
100029,20151018,2,103,8,1,3578.27,0.1,3220.44
100030,20150306,8,105,9,2,2384.07,0.0,4768.14
100031,20150928,4,302,9,2,53.99,0.0,107.98
100032,20150724,8,206,9,4,20.24,0.0,80.96
100033,20150507,2,202,6,1,34.99,0.1,31.49
100034,20151011,10,202,4,1,34.99,0.0,34.99
100035,20151229,4,102,2,1,2319.99,0.0,2319.99
100036,20150206,4,401,5,4,25.0,0.0,100.0
100037,20151004,10,105,10,4,2384.07,0.0,9536.28
100038,20150831,4,302,2,1,53.99,0.05,51.29
100039,20150701,7,302,8,1,53.99,0.0,53.99
100040,20150201,6,301,2,2,49.99,0.0,99.98
100041,20150408,8,402,3,4,59.99,0.0,239.96
100042,20150523,4,303,2,4,69.99,0.1,251.96
100043,20150220,9,102,1,1,2319.99,0.0,2319.99
100044,20150327,8,302,8,2,53.99,0.05,102.58
100045,20150131,7,106,1,4,2807.0,0.0,11228.0
100046,20150821,7,204,9,4,35.0,0.0,140.0
100047,20150408,4,204,1,5,35.0,0.1,157.5
100048,20150201,1,205,1,5,32.0,0.05,152.0
100049,20150915,3,401,1,5,25.0,0.0,125.0
100050,20150406,10,103,2,2,3578.27,0.05,6798.71
100051,20150303,10,202,10,1,34.99,0.1,31.49
100052,20150211,10,302,10,5,53.99,0.0,269.95
100053,20150514,6,201,4,3,34.99,0.05,99.72
100054,20150309,8,204,6,1,35.0,0.0,35.0
100055,20150823,2,104,9,2,2443.35,0.1,4398.03
100056,20150516,6,105,2,2,2384.07,0.0,4768.14
100057,20150526,8,106,9,3,2807.0,0.1,7578.9
100058,20151201,1,401,9,3,25.0,0.0,75.0
100059,20150310,2,203,2,5,4.99,0.0,24.95
100060,20150520,10,204,4,3,35.0,0.0,105.0
100061,20151218,9,203,8,3,4.99,0.0,14.97
100062,20150217,5,302,1,1,53.99,0.0,53.99
100063,20150308,3,203,8,5,4.99,0.05,23.7
100064,20151015,2,101,2,2,2294.99,0.1,4130.98
100065,20150119,10,206,9,2,20.24,0.05,38.46
100066,20150307,5,102,6,1,2319.99,0.0,2319.99
100067,20150418,2,202,6,5,34.99,0.05,166.2
100068,20151114,4,105,3,2,2384.07,0.05,4529.73
100069,20150113,6,106,7,2,2807.0,0.0,5614.0
100070,20150323,7,104,1,4,2443.35,0.0,9773.4
100071,20150413,6,303,5,2,69.99,0.0,139.98
100072,20150113,7,201,6,3,34.99,0.0,104.97
100073,20150523,9,206,7,5,20.24,0.0,101.2
100074,20150115,5,104,3,5,2443.35,0.0,12216.75
100075,20150120,10,104,7,3,2443.35,0.0,7330.05
100076,20150812,2,401,7,5,25.0,0.0,125.0
100077,20150511,7,102,1,5,2319.99,0.1,10439.95
100078,20151218,6,201,7,1,34.99,0.0,34.99
100079,20151116,2,205,5,5,32.0,0.0,160.0
100080,20151208,6,302,7,3,53.99,0.1,145.77
100081,20150307,7,201,7,2,34.99,0.1,62.98
100082,20151019,7,204,9,1,35.0,0.0,35.0
100083,20150527,7,201,10,5,34.99,0.0,174.95
100084,20150827,8,303,4,5,69.99,0.05,332.45
100085,20150328,5,103,9,5,3578.27,0.0,17891.35
100086,20150217,5,202,4,2,34.99,0.0,69.98
100087,20150113,4,102,8,5,2319.99,0.0,11599.95
100088,20150822,10,302,4,4,53.99,0.05,205.16
100089,20150724,3,202,1,1,34.99,0.05,33.24
100090,20150423,9,106,8,1,2807.0,0.1,2526.3
100091,20150508,8,104,3,4,2443.35,0.1,8796.06
100092,20151014,8,205,10,5,32.0,0.05,152.0
100093,20151008,3,303,8,4,69.99,0.0,279.96
100094,20150507,9,203,8,2,4.99,0.0,9.98
100095,20150814,5,103,4,3,3578.27,0.0,10734.81
100096,20150613,2,402,3,2,59.99,0.0,119.98
100097,20150716,4,105,2,4,2384.07,0.05,9059.47
100098,20150619,8,402,7,1,59.99,0.0,59.99
100099,20150804,10,301,1,5,49.99,0.05,237.45
100100,20150902,6,101,5,4,2294.99,0.05,8720.96
100101,20151003,10,402,4,4,59.99,0.0,239.96
100102,20150520,8,302,1,4,53.99,0.0,215.96
100103,20151209,3,301,8,2,49.99,0.1,89.98
100104,20151001,7,101,10,5,2294.99,0.0,11474.95
100105,20150212,3,302,8,2,53.99,0.0,107.98
100106,20150514,6,301,4,4,49.99,0.0,199.96
100107,20150622,5,301,7,3,49.99,0.0,149.97
100108,20150829,9,101,1,3,2294.99,0.0,6884.97
100109,20151129,1,103,1,2,3578.27,0.0,7156.54
100110,20150111,4,105,3,4,2384.07,0.0,9536.28
100111,20151016,8,201,5,3,34.99,0.0,104.97
100112,20151107,3,104,5,1,2443.35,0.1,2199.01
100113,20150114,10,204,7,4,35.0,0.0,140.0
100114,20150208,2,202,5,5,34.99,0.0,174.95
100115,20151017,6,102,9,4,2319.99,0.0,9279.96
100116,20150205,6,401,1,4,25.0,0.05,95.0
100117,20150224,6,302,8,2,53.99,0.05,102.58
100118,20150401,5,401,10,5,25.0,0.05,118.75
100119,20150827,10,302,5,3,53.99,0.0,161.97
100120,20150214,8,203,4,4,4.99,0.1,17.96
